date,id,text
2010-11-04,3498743628,Reminder: The Miss Universe competition will be LIVE from the Bahamas - Tonight @ 9pm (EST) on NBC: http://tinyurl.com/mrzad9
2013-08-15,367977996541788160,@Timc1021 Thanks!
2013-06-12,344775405057753088,"""""@_KatherineWebb: Looking forward to #MissUSA this weekend in Vegas!""""  Great to have our former.Miss Alabama!"
2011-09-04,110498268480198144,Addressing  the Rise of Chronic Childhood Illnesses. #AGENDA47
2020-05-11,1259672385286012928,"RT @darhar981: Attorney General Barr‚Äôs Office Shreds NBC‚Äôs Chuck Todd For ‚ÄòDeceptive Editing‚Äô Of Barr‚Äôs Comments 
On ‚ÄúMeet The Press,‚Äù Todd‚Ä¶"
2011-09-07,111274504071323312,RT  @MagaGlamüá∫üá∏‚ô•Ô∏è Bring Back  Trump  üíôüá∫üá∏
2011-09-01,109360482610823936,
2025-03-19,2755,The CBP Home App is now available across all mobile App Stores!
2019-01-23,1087867453684834304,Congratulations to Mariano Rivera on unanimously being elected to the National Baseball Hall of Fame! Not only a great player but a great person. I am thankful for Mariano‚Äôs support of the Opioid Drug Abuse Commission and @FitnessGov. #EnterSandman #HOF2019üíØ https://t.co/reU1gKWHSQ
2015-07-01,616265476616900608,"My recent statement re: @macys -- We must have strong borders &amp, stop illegal immigration now!... https://t.co/HLCboRmTbl"
2017-07-21,888429879603191808,"ICYMI- This week we hosted a #MadeInAmerica event, right here at the @WhiteHouse! If it is MADE IN AMERICA, it is the BEST! USAüá∫üá∏ https://t.co/q4vB9GdE5y"
2011-08-31,108982117859170992,https://www.mediaite.com/tv/trump-team-scored-big-win-with-potentially-explosive-ruling-on-special-master-to-review-docs-taken-by-the-fbi-argues-andrew-mccarthy/
2018-10-03,1047477260624773120,Thank you Governor Phil Bryant - it was my great honor to be there! #MAGA https://t.co/UbY7Qu2fMt
2017-01-12,819541997325316096,Thank you to Linda Bean of L.L.Bean for your great support and courage. People will support you even more now. Buy L.L.Bean. @LBPerfectMaine
2015-05-21,601265719007944704,"""""@HarmonBrew: @FoxNews @megynkelly  DonaldTrump #KellyFile Trump is so right about Geller. Megyn, stop advocating for her, its a loser."""""
2025-06-17,1308,"We now have complete and total control of the skies over Iran. Iran had good sky trackers and other defensive equipment, and plenty of it, but it doesn‚Äôt compare to American made, conceived, and manufactured ‚Äústuff.‚Äù Nobody does it better than the good ol‚Äô USA."
2025-07-27,537,https://www.thegatewaypundit.com/2025/07/her-biggest-scandal-yet-iran-china-are-circumventing/
2011-09-07,111495112104730624,https://www.foxnews.com/politics/hunter-biden-received-250k-wire-from-beijing-with-beneficiary-address-listed-as-joe-biden-delaware-home
2014-05-23,469850924102737920,"Via @BreitbartNews by @TheTonyLee: """"@Citizens_United sues @AGSchneiderman for violating 1st Amendment"""" http://t.co/1YMvzIOnfI"
2015-09-02,639018768665063424,"""""@LBabcock2:  @oreillyfactor @FoxNews I have always wondered why Fox kept Rove on after his disastrous election predictions."""" He is a joke!"
2020-04-06,1247268841845141504,Congratulations to State Representative Karen Whitsett of Michigan. So glad you are getting better! https://t.co/v6z46rUDtg
2020-03-24,1242432301885198336,"Congress must approve the deal, without all of the nonsense, today. The longer it takes, the harder it will be to start up our economy. Our workers will be hurt!"
2011-09-07,111454972255115328,https://justthenews.com/politics-policy/all-things-trump/trump-serves-meals-border-troops-picks-texas-governors-endorsement
2019-12-25,1209838086730981376,"RT @FLOTUS: Wishing you all a very #MerryChristmas! May your day be filled with peace, love and happiness! https://t.co/yE6Vejihfo"
2025-03-12,2877,"The United States of America is going to take back a lot of what was stolen from it by other countries and, frankly, by incompetent U.S. leadership. We're going to take back our wealth and we're take back a lot of the companies that left‚Ä¶"
2025-01-31,3717,
2011-09-06,111092587326199136,"RT  @mrddmiaIf Trump didn't  incite the January 6th riot, what's the actual crime and  conspiracy?Objecting to the election--and submitting contingent  electors?Allowed by Electoral Count Act of 1887.Twisting  political arms?Allowed by First Amendment.Trump's  ""crime""?Winning in  2016."
2018-11-02,1058482506037641216,"JOBS, JOBS, JOBS! #MAGA https://t.co/ZqPjsPUX0t"
2017-09-27,913034591879024640,"Facebook was always anti-Trump.The Networks were always anti-Trump hence,Fake News, @nytimes(apologized) &amp, @WaPo were anti-Trump. Collusion?"
2014-09-01,506380656998641664,"""""@NPHerron: @realDonaldTrump For president #2016election"""""
2013-07-17,357591410251284480,"The Zimmerman trial is over.  It is time to move on.  While Zimmerman is no angel, he was acquitted and should be able to move on."
2020-11-07,1324928487807995904,"RT @dbongino: The Polls Were More Wrong in 2020 Than in 2016 üëáüëá
https://t.co/LpepzKdlp1"
2011-09-11,112707729209876672,RT  @IStandWithTrump47November 5th can‚Äôt  come fast enough! üôèüá∫üá∏‚ù§Ô∏è #Trump2024 #Maga4TheFelon #TooBigToRig
2015-05-15,599019686286774272,"""""@JDrago28: It was such an honor to meet @realDonaldTrump today in New Hampshire! What a great man! #NH #business http://t.co/VWxnWsTmBH"""""
2019-07-24,1153992334054440960,"Why didn‚Äôt Robert Mueller &amp, his band of 18 Angry Democrats spend any time investigating Crooked Hillary Clinton, Lyin‚Äô &amp, Leakin‚Äô James Comey, Lisa Page and her Psycho lover, Peter S, Andy McCabe, the beautiful Ohr family, Fusion GPS, and many more,  including HIMSELF &amp, Andrew W?"
2020-05-07,1258465767751856128,"Today, @FLOTUS celebrates the two year anniversary of #BeBest, her initiative dedicated to bringing awareness to issues that impact the lives of children. Congratulations, and thank you! https://t.co/3jM5GfSvfg https://t.co/dvh1MnzcFK"
2017-05-20,865957909565366272,"Thank you to the BRAVE servicemen &amp, women who have served, and continue to serve the United States- our true HEROES... https://t.co/ZTV9F639xM"
2020-08-20,1296579488998928384,THANK YOU PENNSYLVANIA! #MAGA https://t.co/5BfdRyDD6a
2020-06-11,1271082251791499264,THOSE THAT DENY THEIR HISTORY ARE DOOMED TO REPEAT IT!
2011-09-12,113125743674703328,https://www.washingtonexaminer.com/news/campaigns/presidential/3143416/trump-playing-offense-democrats-on-defense-whatley/
2019-11-13,1194414141550796800,RT @IvankaTrump: It is an honor to serve our great Country and fight for America‚Äôs workers! üá∫üá∏ https://t.co/ZAhfkqDII8
2013-06-28,350632506485243904,"Situated in the heart of downtown Toronto, the 65 story @TrumpTO offers an elegant and wonderful lifestyle http://t.co/1u2PNTPMCZ"
2011-09-05,110579568469291920,"RT  @realDonaldTrumpUsing Impoundment to  Slash Waste, Stop Inflation, and Crush the Deep State! #AGENDA47"
2011-09-05,110519725006339152,RT  @gatewaypunditANOTHER  BOGUS ATTACK: DC Court Already Ruled in 2012 Case on Trump‚Äôs Right to Hold  White House Documents ‚Äì In their Ruling on Bill Clinton‚Äôs Right to Hold  Secret Tapes in His Sock Drawer https://www.thegatewaypundit.com/2023/06/another-bogus-attack-dc-court-already-ruled-2012/?utm_source=rss&amp;utm_medium=rss&amp;utm_campaign=another-bogus-attack-dc-court-already-ruled-2012Follow  @gatewaypunditofficial
2020-06-14,1272155593143353344,Thank you Philip! https://t.co/jGspqbtSgL
2014-05-02,462220477185150976,"With @VanityFair circulation and advertising revenue doing so badly, rumor has it that dopey Graydon Carter is going to resign? He should."
2014-07-22,491668720444792832,"Thanks @LilJon for coming to my defense in Rolling Stone Magazine. As I have often said, you are a terrific guy!"
2020-05-02,1256625602528006144,RT @ScottAdamsSays: Poll for Democrats only. Are you aware that most of the political news you consume is either misleading and out of cont‚Ä¶
2014-10-17,523144417532997632,I love seeing that Graydon Carter and @VanityFair are failing so badly. He‚Äôs only focused on his bad food restaurants.
2025-03-01,3157,"The month of February, my first full month in Office, had the LOWEST number of Illegal Immigrants trying to enter our Country in History ‚Äì BY FAR! There were only 8,326 apprehensions of Illegals by Border Patrol at the¬†U.S. - Mexico Border, all of whom were quickly ejected from our Nation or, when necessary, prosecuted for crimes against the United States of America. This means that very few people came ‚Äì The Invasion of our Country is OVER. In comparison, under Joe Biden, there were 300,000 Illegals crossing in one month, and virtually ALL of them were released into our Country. Thanks to the Trump Administration Policies, the Border is CLOSED to all Illegal Immigrants. Anyone who tries to illegally enter the U.S.A. will face significant criminal penalties and immediate deportation."
